{
  "health_potion": {
	"name": "Health Potion",
	"description": "Restores 20% of target's HP",
	"item_type": "CONSUMABLE",
	"value": 50,
	"stackable": true,
	"max_stack": 99,
	"consumable_type": "HEAL",
	"is_percentage_based": true,
	"effect_power": 50,
	"effect_percent": 0.20,
	"effect_duration": 0,
	"combat_usable": true
  },
  "mana_potion": {
	"name": "Mana Potion",
	"description": "Restores 25% of target's MP",
	"item_type": "CONSUMABLE",
	"value": 75,
	"stackable": true,
	"max_stack": 99,
	"consumable_type": "RESTORE",
	"effect_power": 30,
	"is_percentage_based": true,
	"effect_percent": 0.25,
	"effect_duration": 0,
	"combat_usable": true
  },
  "stamina_potion": {
	"name": "Stamina Potion",
	"description": "Restores 25% of target's SP",
	"item_type": "CONSUMABLE",
	"value": 75,
	"stackable": true,
	"max_stack": 99,
	"consumable_type": "RESTORE",
	"effect_power": 30,
	"is_percentage_based": true,
	"effect_percent": 0.25,
	"effect_duration": 0,
	"combat_usable": true
  },
  "flame_flask": {
	"name": "Flame Flask",
	"description": "Throws a fiery bomb dealing 15% of target health and inflicting burn for 3 turns",
	"item_type": "CONSUMABLE",
	"value": 100,
	"stackable": true,
	"max_stack": 20,
	"consumable_type": "DAMAGE",
	"is_percentage_based": true,
	"effect_power": 40,
	"effect_percent": 0.15,
	"effect_duration": 3,
	"status_effect": "BURN",
	"combat_usable": true
  },
  "frost_crystal": {
	"name": "Frost Crystal",
	"description": "Shatters to deal 20% of target health and freeze target for 2 turns",
	"item_type": "CONSUMABLE",
	"value": 120,
	"stackable": true,
	"max_stack": 20,
	"consumable_type": "DAMAGE",
	"is_percentage_based": true,
	"effect_power": 35,
	"effect_percent": 0.20,
	"effect_duration": 2,
	"status_effect": "FREEZE",
	"combat_usable": true
  },
  "thunder_orb": {
	"name": "Thunder Orb",
	"description": "Releases lightning dealing 12.5% of target health and shocking for 2 turns",
	"item_type": "CONSUMABLE",
	"value": 130,
	"stackable": true,
	"max_stack": 20,
	"consumable_type": "DAMAGE",
	"is_percentage_based": true,
	"effect_power": 45,
	"effect_percent": 0.125,
	"effect_duration": 2,
	"status_effect": "SHOCK",
	"combat_usable": true
  },
  "venom_vial": {
	"name": "Venom Vial",
	"description": "Toxic liquid dealing 12.5% of target health and poisoning for 4 turns",
	"item_type": "CONSUMABLE",
	"value": 80,
	"stackable": true,
	"max_stack": 20,
	"consumable_type": "DAMAGE",
	"is_percentage_based": true,
	"effect_power": 25,
	"effect_percent": 0.125,
	"effect_duration": 4,
	"status_effect": "POISON",
	"combat_usable": true
  },
  "stone_shard": {
	"name": "Stone Shard",
	"description": "A heavy rock that deals 10% of target health as damage",
	"item_type": "CONSUMABLE",
	"value": 25,
	"stackable": true,
	"max_stack": 50,
	"consumable_type": "DAMAGE",
	"is_percentage_based": true,
	"effect_power": 30,
	"effect_percent": 0.1,
	"effect_duration": 0,
	"combat_usable": true
  },
  "rotten_dung": {
	"name": "Rotten Dung",
	"description": "Disgusting filth dealing 10% target health damage with 50% chance to poison for 2 turns",
	"item_type": "CONSUMABLE",
	"value": 10,
	"stackable": true,
	"max_stack": 99,
	"consumable_type": "DAMAGE",
	"is_percentage_based": true,
	"effect_power": 15,
	"effect_percent": 0.1,
	"effect_duration": 2,
	"status_effect": "POISON",
	"poison_chance": 0.5,
	"combat_usable": true
  },
  "smoke_bomb": {
	"name": "Smoke Bomb",
	"description": "Creates a smoke screen, increasing dodge chance by 50% for 3 turns",
	"item_type": "CONSUMABLE",
	"value": 90,
	"stackable": true,
	"max_stack": 20,
	"consumable_type": "BUFF",
	"is_percentage_based": true,
	"effect_power": 30,
	"effect_percent": 0.5,
	"effect_duration": 3,
	"buff_type": "DODGE",
	"combat_usable": true
  },
  "berserker_brew": {
	"name": "Berserker Brew",
	"description": "Increases attack power by 25% for 4 turns",
	"item_type": "CONSUMABLE",
	"value": 150,
	"stackable": true,
	"max_stack": 10,
	"consumable_type": "BUFF",
	"is_percentage_based": true,
	"effect_power": 20,
	"effect_percent": 0.25,
	"effect_duration": 4,
	"buff_type": "ATTACK",
	"combat_usable": true
  },
  "holy_water": {
	"name": "Holy Water",
	"description": "Cures all status effect on top of stack and restores 35% HP",
	"item_type": "CONSUMABLE",
	"value": 200,
	"stackable": true,
	"max_stack": 10,
	"consumable_type": "CURE",
	"is_percentage_based": true,
	"effect_power": 20,
	"effect_percent": 0.35,
	"effect_duration": 0,
	"combat_usable": true
  }
}
