{
	"skills": {
		"Fireball": {
			"name": "Fireball",
			"description": "Launches a ball of fire at the enemy",
			"type": "DAMAGE",
			"target": "ENEMY",
			"attribute_target": "NONE",
			"status_effect": "BURN",
			"power": 15,
			"duration": 3,
			"mp_cost": 5,
			"cooldown": 1
		},
		"Heal": {
			"name": "Heal",
			"description": "Restores HP to an ally",
			"type": "HEAL",
			"target": "ALLY",
			"attribute_target": "NONE",
			"status_effect": "NONE",
			"power": 20,
			"duration": 0,
			"mp_cost": 10,
			"cooldown": 2
		},
		"Strengthen": {
			"name": "Strengthen",
			"description": "Increases strength of an ally",
			"type": "BUFF",
			"target": "ALLY",
			"attribute_target": "STRENGTH",
			"status_effect": "NONE",
			"power": 5,
			"duration": 3,
			"mp_cost": 8,
			"cooldown": 2
		},
		"Weaken": {
			"name": "Weaken",
			"description": "Decreases defense of an enemy",
			"type": "DEBUFF",
			"target": "ENEMY",
			"attribute_target": "VITALITY",
			"status_effect": "NONE",
			"power": 5,
			"duration": 3,
			"mp_cost": 8,
			"cooldown": 2
		},
		"Cleanse": {
			"name": "Cleanse",
			"description": "Removes status effects from an ally",
			"type": "RESTORE",
			"target": "ALLY",
			"attribute_target": "NONE",
			"status_effect": "NONE",
			"power": 0,
			"duration": 0,
			"mp_cost": 12,
			"cooldown": 3
		},
		"Poison Dart": {
			"name": "Poison Dart",
			"description": "Inflicts poison on an enemy",
			"type": "INFLICT_STATUS",
			"target": "ENEMY",
			"attribute_target": "NONE",
			"status_effect": "POISON",
			"power": 0,
			"duration": 3,
			"mp_cost": 10,
			"cooldown": 3
		},
		"Frost Nova": {
			"name": "Frost Nova",
			"description": "Freezes the enemy, reducing their defenses",
			"type": "INFLICT_STATUS",
			"target": "ENEMY",
			"attribute_target": "NONE",
			"status_effect": "FREEZE",
			"power": 0,
			"duration": 2,
			"mp_cost": 15,
			"cooldown": 4
		},
		"Thunder Shock": {
			"name": "Thunder Shock",
			"description": "Shocks the enemy, dealing damage over time with a chance to stun",
			"type": "INFLICT_STATUS",
			"target": "ENEMY",
			"attribute_target": "NONE",
			"status_effect": "SHOCK",
			"power": 0,
			"duration": 3,
			"mp_cost": 14,
			"cooldown": 3
		}
	}
}
