{
  "skills": {
	"Holy Strike": {
	  "name": "Holy Strike",
	  "description": "Strike with holy power, dealing damage and inflicting burn.",
	  "ability_type": "MAGICAL",
	  "type": "DAMAGE",
	  "target": "ENEMY",
	  "attribute_target": "NONE",
	  "status_effect": "BURN",
	  "power": 35,
	  "duration": 3,
	  "mp_cost": 20,
	  "sp_cost": 15,
	  "cooldown": 3
	},
	"Divine Shield": {
	  "name": "Divine Shield",
	  "description": "Greatly increase your defenses for several turns.",
	  "ability_type": "MAGICAL",
	  "type": "BUFF",
	  "target": "SELF",
	  "attribute_target": "FORTITUDE",
	  "status_effect": "NONE",
	  "power": 80,
	  "duration": 3,
	  "mp_cost": 35,
	  "sp_cost": 0,
	  "cooldown": 5
	},
	"Lay on Hands": {
	  "name": "Lay on Hands",
	  "description": "Channel divine energy to heal moderate wounds.",
	  "ability_type": "MAGICAL",
	  "type": "HEAL",
	  "target": "ALLY",
	  "attribute_target": "NONE",
	  "status_effect": "NONE",
	  "power": 60,
	  "duration": 0,
	  "mp_cost": 30,
	  "sp_cost": 0,
	  "cooldown": 4
	},
	"Backstab": {
	  "name": "Backstab",
	  "description": "Strike from the shadows for massive damage.",
	  "ability_type": "PHYSICAL",
	  "type": "DAMAGE",
	  "target": "ENEMY",
	  "attribute_target": "NONE",
	  "status_effect": "NONE",
	  "power": 60,
	  "duration": 0,
	  "mp_cost": 10,
	  "sp_cost": 40,
	  "cooldown": 4
	},
	"Evasion": {
	  "name": "Evasion",
	  "description": "Increase dodge chance significantly.",
	  "ability_type": "PHYSICAL",
	  "type": "BUFF",
	  "target": "SELF",
	  "attribute_target": "AGILITY",
	  "status_effect": "NONE",
	  "power": 30,
	  "duration": 3,
	  "mp_cost": 15,
	  "sp_cost": 35,
	  "cooldown": 4
	},
	"Poison Blade": {
	  "name": "Poison Blade",
	  "description": "Coat your weapon in venom, dealing damage over time.",
	  "ability_type": "PHYSICAL",
	  "type": "DEBUFF",
	  "target": "ENEMY",
	  "attribute_target": "NONE",
	  "status_effect": "POISON",
	  "power": 20,
	  "duration": 5,
	  "mp_cost": 10,
	  "sp_cost": 30,
	  "cooldown": 4
	},
	"Healing Light": {
	  "name": "Healing Light",
	  "description": "Cast healing light to restore health.",
	  "ability_type": "MAGICAL",
	  "type": "HEAL",
	  "target": "ALLY",
	  "attribute_target": "NONE",
	  "status_effect": "NONE",
	  "power": 60,
	  "duration": 0,
	  "mp_cost": 35,
	  "sp_cost": 5,
	  "cooldown": 3
	},
	"Bless": {
	  "name": "Bless",
	  "description": "Bestow a blessing that increases strength.",
	  "ability_type": "MAGICAL",
	  "type": "BUFF",
	  "target": "ALLY",
	  "attribute_target": "STRENGTH",
	  "status_effect": "NONE",
	  "power": 80,
	  "duration": 4,
	  "mp_cost": 30,
	  "sp_cost": 10,
	  "cooldown": 5
	},
	"Smite": {
	  "name": "Smite",
	  "description": "Call down holy power to damage foes.",
	  "ability_type": "MAGICAL",
	  "type": "DAMAGE",
	  "target": "ENEMY",
	  "attribute_target": "NONE",
	  "status_effect": "BURN",
	  "power": 40,
	  "duration": 2,
	  "mp_cost": 30,
	  "sp_cost": 10,
	  "cooldown": 3
	},
	"Dark Bolt": {
	  "name": "Dark Bolt",
	  "description": "Fire a bolt of dark energy with shocking power.",
	  "ability_type": "MAGICAL",
	  "type": "DAMAGE",
	  "target": "ENEMY",
	  "attribute_target": "NONE",
	  "status_effect": "SHOCK",
	  "power": 45,
	  "duration": 2,
	  "mp_cost": 32,
	  "sp_cost": 13,
	  "cooldown": 3
	},
	"Life Tap": {
	  "name": "Life Tap",
	  "description": "Drain life force from your enemy, dealing damage and healing yourself.",
	  "ability_type": "MAGICAL",
	  "type": "DRAIN",
	  "target": "ENEMY",
	  "attribute_target": "NONE",
	  "status_effect": "NONE",
	  "drain_target": "HP",
	  "drain_efficiency": 0.5,
	  "power": 40,
	  "duration": 0,
	  "mp_cost": 25,
	  "sp_cost": 15,
	  "cooldown": 5
	},
	"Curse of Weakness": {
	  "name": "Curse of Weakness",
	  "description": "Curse the enemy, reducing their strength and poisoning them.",
	  "ability_type": "MAGICAL",
	  "type": "DEBUFF",
	  "target": "ENEMY",
	  "attribute_target": "STRENGTH",
	  "status_effect": "POISON",
	  "power": 80,
	  "duration": 3,
	  "mp_cost": 30,
	  "sp_cost": 10,
	  "cooldown": 4
	},
	"Scratch": {
	  "name": "Scratch",
	  "description": "Quick claw attack.",
	  "ability_type": "PHYSICAL",
	  "type": "DAMAGE",
	  "target": "ENEMY",
	  "attribute_target": "NONE",
	  "status_effect": "NONE",
	  "power": 8,
	  "duration": 0,
	  "mp_cost": 0,
	  "sp_cost": 20,
	  "cooldown": 2
	},
	"Bite": {
	  "name": "Bite",
	  "description": "Savage bite attack.",
	  "ability_type": "PHYSICAL",
	  "type": "DAMAGE",
	  "target": "ENEMY",
	  "attribute_target": "NONE",
	  "status_effect": "NONE",
	  "power": 12,
	  "duration": 0,
	  "mp_cost": 0,
	  "sp_cost": 25,
	  "cooldown": 2
	},
	"Howl": {
	  "name": "Howl",
	  "description": "Intimidating howl that reduces enemy defense.",
	  "ability_type": "PHYSICAL",
	  "type": "DEBUFF",
	  "target": "ALL_ENEMIES",
	  "attribute_target": "FORTITUDE",
	  "status_effect": "NONE",
	  "power": 40,
	  "duration": 3,
	  "mp_cost": 0,
	  "sp_cost": 30,
	  "cooldown": 4
	},
	"Smash": {
	  "name": "Smash",
	  "description": "Powerful overhead smash.",
	  "ability_type": "PHYSICAL",
	  "type": "DAMAGE",
	  "target": "ENEMY",
	  "attribute_target": "NONE",
	  "status_effect": "NONE",
	  "power": 25,
	  "duration": 0,
	  "mp_cost": 0,
	  "sp_cost": 35,
	  "cooldown": 3
	},
	"Roar": {
	  "name": "Roar",
	  "description": "Terrifying roar that reduces enemy agility.",
	  "ability_type": "PHYSICAL",
	  "type": "DEBUFF",
	  "target": "ALL_ENEMIES",
	  "attribute_target": "AGILITY",
	  "status_effect": "NONE",
	  "power": 40,
	  "duration": 3,
	  "mp_cost": 0,
	  "sp_cost": 35,
	  "cooldown": 4
	},
	"Stomp": {
	  "name": "Stomp",
	  "description": "Ground-shaking stomp that hits all enemies.",
	  "ability_type": "PHYSICAL",
	  "type": "DAMAGE",
	  "target": "ALL_ENEMIES",
	  "attribute_target": "NONE",
	  "status_effect": "NONE",
	  "power": 18,
	  "duration": 0,
	  "mp_cost": 0,
	  "sp_cost": 45,
	  "cooldown": 5
	},
	"Lightning Bolt": {
	  "name": "Lightning Bolt",
	  "description": "Strike with lightning, dealing shock damage.",
	  "ability_type": "MAGICAL",
	  "type": "DAMAGE",
	  "target": "ENEMY",
	  "attribute_target": "NONE",
	  "status_effect": "SHOCK",
	  "power": 38,
	  "duration": 2,
	  "mp_cost": 35,
	  "sp_cost": 0,
	  "cooldown": 3
	},
	"Healing Wave": {
	  "name": "Healing Wave",
	  "description": "Heal all allies with restorative energy.",
	  "ability_type": "MAGICAL",
	  "type": "HEAL",
	  "target": "ALL_ALLIES",
	  "attribute_target": "NONE",
	  "status_effect": "NONE",
	  "power": 25,
	  "duration": 0,
	  "mp_cost": 50,
	  "sp_cost": 0,
	  "cooldown": 5
	},
	"Totemic Blessing": {
	  "name": "Totemic Blessing",
	  "description": "Bless all allies, increasing endurance.",
	  "ability_type": "MAGICAL",
	  "type": "BUFF",
	  "target": "ALL_ALLIES",
	  "attribute_target": "ENDURANCE",
	  "status_effect": "NONE",
	  "power": 60,
	  "duration": 4,
	  "mp_cost": 45,
	  "sp_cost": 0,
	  "cooldown": 5
	},
	"Fireball": {
	  "name": "Fireball",
	  "description": "Hurl explosive flames at the enemy.",
	  "ability_type": "MAGICAL",
	  "type": "DAMAGE",
	  "target": "ENEMY",
	  "attribute_target": "NONE",
	  "status_effect": "BURN",
	  "power": 42,
	  "duration": 3,
	  "mp_cost": 38,
	  "sp_cost": 0,
	  "cooldown": 3
	},
	"Frost Nova": {
	  "name": "Frost Nova",
	  "description": "Burst of frost that freezes all enemies.",
	  "ability_type": "MAGICAL",
	  "type": "INFLICT_STATUS",
	  "target": "ALL_ENEMIES",
	  "attribute_target": "NONE",
	  "status_effect": "FREEZE",
	  "power": 25,
	  "duration": 2,
	  "mp_cost": 45,
	  "sp_cost": 0,
	  "cooldown": 5
	},
	"Arcane Intellect": {
	  "name": "Arcane Intellect",
	  "description": "Enhance intelligence with arcane power.",
	  "ability_type": "MAGICAL",
	  "type": "BUFF",
	  "target": "ALLY",
	  "attribute_target": "INTELLIGENCE",
	  "status_effect": "NONE",
	  "power": 70,
	  "duration": 4,
	  "mp_cost": 35,
	  "sp_cost": 0,
	  "cooldown": 4
	},
	"Royal Decree": {
	  "name": "Royal Decree",
	  "description": "Inspire all allies with royal authority.",
	  "ability_type": "MAGICAL",
	  "type": "BUFF",
	  "target": "ALL_ALLIES",
	  "attribute_target": "STRENGTH",
	  "status_effect": "NONE",
	  "power": 70,
	  "duration": 4,
	  "mp_cost": 50,
	  "sp_cost": 20,
	  "cooldown": 5
	},
	"Execution": {
	  "name": "Execution",
	  "description": "Deliver a devastating execution blow.",
	  "ability_type": "PHYSICAL",
	  "type": "DAMAGE",
	  "target": "ENEMY",
	  "attribute_target": "NONE",
	  "status_effect": "NONE",
	  "power": 75,
	  "duration": 0,
	  "mp_cost": 0,
	  "sp_cost": 60,
	  "cooldown": 5
	},
	"Crown of Flames": {
	  "name": "Crown of Flames",
	  "description": "Engulf the enemy in royal flames.",
	  "ability_type": "MAGICAL",
	  "type": "DEBUFF",
	  "target": "ENEMY",
	  "attribute_target": "NONE",
	  "status_effect": "BURN",
	  "power": 35,
	  "duration": 4,
	  "mp_cost": 45,
	  "sp_cost": 20,
	  "cooldown": 4
	}
  }
}
