{
	"POISON": {
		"damage_type": "hp_percent",
		"damage_value": 0.2,
		"message": "{name} took {damage} poison damage"
	},
	"BURN": {
		"damage_type": "hp_percent",
		"damage_value": 0.1,
		"stat_modifiers": {
			"strength": -3
		},
		"message": "{name} took {damage} burn damage"
	},
	"SHOCK": {
		"damage_type": "hp_percent",
		"damage_value": 0.125,
		"stun_chance": 0.3,
		"message": "{name} took {damage} shock damage"
	},
	"FREEZE": {
		"damage_type": "none",
		"stat_modifiers": {
			"dexterity": -2,
			"agility": -2,
			"arcane": -2
		},
		"stun_chance": 0.25,
		"message": "{name} is frozen, reducing their defense"
	},
	"BLEED": {
		"damage_type": "hp_percent",
		"damage_value": 0.125,
		"message": "{name} bleeds for {damage} damage"
	},
	"REGENERATION": {
		"damage_type": "heal_percent",
		"damage_value": 0.05,
		"stat_modifiers": {
			"vitality": 2,
			"endurance": 2
		},
		"message": "{name} regenerated {damage} HP"
	},
	"ENRAGED": {
		"damage_type": "none",
		"stat_modifiers": {
			"strength": 5,
			"intelligence": 3,
			"agility": 3
		},
		"reflect_damage": 0.1,
		"message": "{name} is ENRAGED! (+Attack, reflects 10% damage)"
	},
	"REFLECT": {
		"damage_type": "none",
		"reflect_damage": 0.3,
		"stat_modifiers": {
			"fortitude": 3
		},
		"message": "{name} has a damage reflection barrier (30%)"
	}
}
